"image_file","label","wnid","source_class","source_file"
"images/n02089867-Walker_hound__n02089867_1029.jpg","Walker_hound","n02089867","n02089867-Walker_hound","C:\Users\sachi\Desktop\VLM_Benchmarking\Images\n02089867-Walker_hound\n02089867_1029.jpg"
"images/n02089867-Walker_hound__n02089867_1048.jpg","Walker_hound","n02089867","n02089867-Walker_hound","C:\Users\sachi\Desktop\VLM_Benchmarking\Images\n02089867-Walker_hound\n02089867_1048.jpg"
"images/n02089867-Walker_hound__n02089867_1062.jpg","Walker_hound","n02089867","n02089867-Walker_hound","C:\Users\sachi\Desktop\VLM_Benchmarking\Images\n02089867-Walker_hound\n02089867_1062.jpg"
"images/n02089867-Walker_hound__n02089867_1079.jpg","Walker_hound","n02089867","n02089867-Walker_hound","C:\Users\sachi\Desktop\VLM_Benchmarking\Images\n02089867-Walker_hound\n02089867_1079.jpg"
"images/n02089867-Walker_hound__n02089867_1082.jpg","Walker_hound","n02089867","n02089867-Walker_hound","C:\Users\sachi\Desktop\VLM_Benchmarking\Images\n02089867-Walker_hound\n02089867_1082.jpg"
"images/n02089867-Walker_hound__n02089867_1105.jpg","Walker_hound","n02089867","n02089867-Walker_hound","C:\Users\sachi\Desktop\VLM_Benchmarking\Images\n02089867-Walker_hound\n02089867_1105.jpg"
"images/n02089867-Walker_hound__n02089867_1133.jpg","Walker_hound","n02089867","n02089867-Walker_hound","C:\Users\sachi\Desktop\VLM_Benchmarking\Images\n02089867-Walker_hound\n02089867_1133.jpg"
"images/n02089867-Walker_hound__n02089867_1208.jpg","Walker_hound","n02089867","n02089867-Walker_hound","C:\Users\sachi\Desktop\VLM_Benchmarking\Images\n02089867-Walker_hound\n02089867_1208.jpg"
"images/n02089867-Walker_hound__n02089867_1212.jpg","Walker_hound","n02089867","n02089867-Walker_hound","C:\Users\sachi\Desktop\VLM_Benchmarking\Images\n02089867-Walker_hound\n02089867_1212.jpg"
"images/n02089867-Walker_hound__n02089867_1225.jpg","Walker_hound","n02089867","n02089867-Walker_hound","C:\Users\sachi\Desktop\VLM_Benchmarking\Images\n02089867-Walker_hound\n02089867_1225.jpg"
"images/n02089867-Walker_hound__n02089867_1240.jpg","Walker_hound","n02089867","n02089867-Walker_hound","C:\Users\sachi\Desktop\VLM_Benchmarking\Images\n02089867-Walker_hound\n02089867_1240.jpg"
"images/n02089867-Walker_hound__n02089867_1243.jpg","Walker_hound","n02089867","n02089867-Walker_hound","C:\Users\sachi\Desktop\VLM_Benchmarking\Images\n02089867-Walker_hound\n02089867_1243.jpg"
"images/n02089867-Walker_hound__n02089867_126.jpg","Walker_hound","n02089867","n02089867-Walker_hound","C:\Users\sachi\Desktop\VLM_Benchmarking\Images\n02089867-Walker_hound\n02089867_126.jpg"
"images/n02089867-Walker_hound__n02089867_1295.jpg","Walker_hound","n02089867","n02089867-Walker_hound","C:\Users\sachi\Desktop\VLM_Benchmarking\Images\n02089867-Walker_hound\n02089867_1295.jpg"
"images/n02089867-Walker_hound__n02089867_1310.jpg","Walker_hound","n02089867","n02089867-Walker_hound","C:\Users\sachi\Desktop\VLM_Benchmarking\Images\n02089867-Walker_hound\n02089867_1310.jpg"
"images/n02089867-Walker_hound__n02089867_1345.jpg","Walker_hound","n02089867","n02089867-Walker_hound","C:\Users\sachi\Desktop\VLM_Benchmarking\Images\n02089867-Walker_hound\n02089867_1345.jpg"
"images/n02089867-Walker_hound__n02089867_1352.jpg","Walker_hound","n02089867","n02089867-Walker_hound","C:\Users\sachi\Desktop\VLM_Benchmarking\Images\n02089867-Walker_hound\n02089867_1352.jpg"
"images/n02089867-Walker_hound__n02089867_1368.jpg","Walker_hound","n02089867","n02089867-Walker_hound","C:\Users\sachi\Desktop\VLM_Benchmarking\Images\n02089867-Walker_hound\n02089867_1368.jpg"
"images/n02089867-Walker_hound__n02089867_1381.jpg","Walker_hound","n02089867","n02089867-Walker_hound","C:\Users\sachi\Desktop\VLM_Benchmarking\Images\n02089867-Walker_hound\n02089867_1381.jpg"
"images/n02089867-Walker_hound__n02089867_1412.jpg","Walker_hound","n02089867","n02089867-Walker_hound","C:\Users\sachi\Desktop\VLM_Benchmarking\Images\n02089867-Walker_hound\n02089867_1412.jpg"
"images/n02089867-Walker_hound__n02089867_1416.jpg","Walker_hound","n02089867","n02089867-Walker_hound","C:\Users\sachi\Desktop\VLM_Benchmarking\Images\n02089867-Walker_hound\n02089867_1416.jpg"
"images/n02089867-Walker_hound__n02089867_142.jpg","Walker_hound","n02089867","n02089867-Walker_hound","C:\Users\sachi\Desktop\VLM_Benchmarking\Images\n02089867-Walker_hound\n02089867_142.jpg"
"images/n02089867-Walker_hound__n02089867_1430.jpg","Walker_hound","n02089867","n02089867-Walker_hound","C:\Users\sachi\Desktop\VLM_Benchmarking\Images\n02089867-Walker_hound\n02089867_1430.jpg"
"images/n02089867-Walker_hound__n02089867_1438.jpg","Walker_hound","n02089867","n02089867-Walker_hound","C:\Users\sachi\Desktop\VLM_Benchmarking\Images\n02089867-Walker_hound\n02089867_1438.jpg"
"images/n02089867-Walker_hound__n02089867_1439.jpg","Walker_hound","n02089867","n02089867-Walker_hound","C:\Users\sachi\Desktop\VLM_Benchmarking\Images\n02089867-Walker_hound\n02089867_1439.jpg"
"images/n02089867-Walker_hound__n02089867_145.jpg","Walker_hound","n02089867","n02089867-Walker_hound","C:\Users\sachi\Desktop\VLM_Benchmarking\Images\n02089867-Walker_hound\n02089867_145.jpg"
"images/n02089867-Walker_hound__n02089867_1452.jpg","Walker_hound","n02089867","n02089867-Walker_hound","C:\Users\sachi\Desktop\VLM_Benchmarking\Images\n02089867-Walker_hound\n02089867_1452.jpg"
"images/n02089867-Walker_hound__n02089867_146.jpg","Walker_hound","n02089867","n02089867-Walker_hound","C:\Users\sachi\Desktop\VLM_Benchmarking\Images\n02089867-Walker_hound\n02089867_146.jpg"
"images/n02089867-Walker_hound__n02089867_1471.jpg","Walker_hound","n02089867","n02089867-Walker_hound","C:\Users\sachi\Desktop\VLM_Benchmarking\Images\n02089867-Walker_hound\n02089867_1471.jpg"
"images/n02089867-Walker_hound__n02089867_148.jpg","Walker_hound","n02089867","n02089867-Walker_hound","C:\Users\sachi\Desktop\VLM_Benchmarking\Images\n02089867-Walker_hound\n02089867_148.jpg"
"images/n02089867-Walker_hound__n02089867_149.jpg","Walker_hound","n02089867","n02089867-Walker_hound","C:\Users\sachi\Desktop\VLM_Benchmarking\Images\n02089867-Walker_hound\n02089867_149.jpg"
"images/n02089867-Walker_hound__n02089867_1504.jpg","Walker_hound","n02089867","n02089867-Walker_hound","C:\Users\sachi\Desktop\VLM_Benchmarking\Images\n02089867-Walker_hound\n02089867_1504.jpg"
"images/n02089867-Walker_hound__n02089867_1546.jpg","Walker_hound","n02089867","n02089867-Walker_hound","C:\Users\sachi\Desktop\VLM_Benchmarking\Images\n02089867-Walker_hound\n02089867_1546.jpg"
"images/n02089867-Walker_hound__n02089867_1599.jpg","Walker_hound","n02089867","n02089867-Walker_hound","C:\Users\sachi\Desktop\VLM_Benchmarking\Images\n02089867-Walker_hound\n02089867_1599.jpg"
"images/n02089867-Walker_hound__n02089867_1620.jpg","Walker_hound","n02089867","n02089867-Walker_hound","C:\Users\sachi\Desktop\VLM_Benchmarking\Images\n02089867-Walker_hound\n02089867_1620.jpg"
"images/n02089867-Walker_hound__n02089867_1697.jpg","Walker_hound","n02089867","n02089867-Walker_hound","C:\Users\sachi\Desktop\VLM_Benchmarking\Images\n02089867-Walker_hound\n02089867_1697.jpg"
"images/n02089867-Walker_hound__n02089867_1764.jpg","Walker_hound","n02089867","n02089867-Walker_hound","C:\Users\sachi\Desktop\VLM_Benchmarking\Images\n02089867-Walker_hound\n02089867_1764.jpg"
"images/n02089867-Walker_hound__n02089867_1786.jpg","Walker_hound","n02089867","n02089867-Walker_hound","C:\Users\sachi\Desktop\VLM_Benchmarking\Images\n02089867-Walker_hound\n02089867_1786.jpg"
"images/n02089867-Walker_hound__n02089867_1787.jpg","Walker_hound","n02089867","n02089867-Walker_hound","C:\Users\sachi\Desktop\VLM_Benchmarking\Images\n02089867-Walker_hound\n02089867_1787.jpg"
"images/n02089867-Walker_hound__n02089867_1790.jpg","Walker_hound","n02089867","n02089867-Walker_hound","C:\Users\sachi\Desktop\VLM_Benchmarking\Images\n02089867-Walker_hound\n02089867_1790.jpg"
"images/n02089867-Walker_hound__n02089867_180.jpg","Walker_hound","n02089867","n02089867-Walker_hound","C:\Users\sachi\Desktop\VLM_Benchmarking\Images\n02089867-Walker_hound\n02089867_180.jpg"
"images/n02089867-Walker_hound__n02089867_1824.jpg","Walker_hound","n02089867","n02089867-Walker_hound","C:\Users\sachi\Desktop\VLM_Benchmarking\Images\n02089867-Walker_hound\n02089867_1824.jpg"
"images/n02089867-Walker_hound__n02089867_183.jpg","Walker_hound","n02089867","n02089867-Walker_hound","C:\Users\sachi\Desktop\VLM_Benchmarking\Images\n02089867-Walker_hound\n02089867_183.jpg"
"images/n02089867-Walker_hound__n02089867_1863.jpg","Walker_hound","n02089867","n02089867-Walker_hound","C:\Users\sachi\Desktop\VLM_Benchmarking\Images\n02089867-Walker_hound\n02089867_1863.jpg"
"images/n02089867-Walker_hound__n02089867_1882.jpg","Walker_hound","n02089867","n02089867-Walker_hound","C:\Users\sachi\Desktop\VLM_Benchmarking\Images\n02089867-Walker_hound\n02089867_1882.jpg"
"images/n02089867-Walker_hound__n02089867_1912.jpg","Walker_hound","n02089867","n02089867-Walker_hound","C:\Users\sachi\Desktop\VLM_Benchmarking\Images\n02089867-Walker_hound\n02089867_1912.jpg"
"images/n02089867-Walker_hound__n02089867_1918.jpg","Walker_hound","n02089867","n02089867-Walker_hound","C:\Users\sachi\Desktop\VLM_Benchmarking\Images\n02089867-Walker_hound\n02089867_1918.jpg"
"images/n02089867-Walker_hound__n02089867_1921.jpg","Walker_hound","n02089867","n02089867-Walker_hound","C:\Users\sachi\Desktop\VLM_Benchmarking\Images\n02089867-Walker_hound\n02089867_1921.jpg"
"images/n02089867-Walker_hound__n02089867_1931.jpg","Walker_hound","n02089867","n02089867-Walker_hound","C:\Users\sachi\Desktop\VLM_Benchmarking\Images\n02089867-Walker_hound\n02089867_1931.jpg"
"images/n02089867-Walker_hound__n02089867_1965.jpg","Walker_hound","n02089867","n02089867-Walker_hound","C:\Users\sachi\Desktop\VLM_Benchmarking\Images\n02089867-Walker_hound\n02089867_1965.jpg"
"images/n02089867-Walker_hound__n02089867_1987.jpg","Walker_hound","n02089867","n02089867-Walker_hound","C:\Users\sachi\Desktop\VLM_Benchmarking\Images\n02089867-Walker_hound\n02089867_1987.jpg"
"images/n02089867-Walker_hound__n02089867_1988.jpg","Walker_hound","n02089867","n02089867-Walker_hound","C:\Users\sachi\Desktop\VLM_Benchmarking\Images\n02089867-Walker_hound\n02089867_1988.jpg"
"images/n02089867-Walker_hound__n02089867_2010.jpg","Walker_hound","n02089867","n02089867-Walker_hound","C:\Users\sachi\Desktop\VLM_Benchmarking\Images\n02089867-Walker_hound\n02089867_2010.jpg"
"images/n02089867-Walker_hound__n02089867_2039.jpg","Walker_hound","n02089867","n02089867-Walker_hound","C:\Users\sachi\Desktop\VLM_Benchmarking\Images\n02089867-Walker_hound\n02089867_2039.jpg"
"images/n02089867-Walker_hound__n02089867_2061.jpg","Walker_hound","n02089867","n02089867-Walker_hound","C:\Users\sachi\Desktop\VLM_Benchmarking\Images\n02089867-Walker_hound\n02089867_2061.jpg"
"images/n02089867-Walker_hound__n02089867_2063.jpg","Walker_hound","n02089867","n02089867-Walker_hound","C:\Users\sachi\Desktop\VLM_Benchmarking\Images\n02089867-Walker_hound\n02089867_2063.jpg"
"images/n02089867-Walker_hound__n02089867_2102.jpg","Walker_hound","n02089867","n02089867-Walker_hound","C:\Users\sachi\Desktop\VLM_Benchmarking\Images\n02089867-Walker_hound\n02089867_2102.jpg"
"images/n02089867-Walker_hound__n02089867_2142.jpg","Walker_hound","n02089867","n02089867-Walker_hound","C:\Users\sachi\Desktop\VLM_Benchmarking\Images\n02089867-Walker_hound\n02089867_2142.jpg"
"images/n02089867-Walker_hound__n02089867_218.jpg","Walker_hound","n02089867","n02089867-Walker_hound","C:\Users\sachi\Desktop\VLM_Benchmarking\Images\n02089867-Walker_hound\n02089867_218.jpg"
"images/n02089867-Walker_hound__n02089867_2191.jpg","Walker_hound","n02089867","n02089867-Walker_hound","C:\Users\sachi\Desktop\VLM_Benchmarking\Images\n02089867-Walker_hound\n02089867_2191.jpg"
"images/n02089867-Walker_hound__n02089867_2221.jpg","Walker_hound","n02089867","n02089867-Walker_hound","C:\Users\sachi\Desktop\VLM_Benchmarking\Images\n02089867-Walker_hound\n02089867_2221.jpg"
"images/n02089867-Walker_hound__n02089867_2227.jpg","Walker_hound","n02089867","n02089867-Walker_hound","C:\Users\sachi\Desktop\VLM_Benchmarking\Images\n02089867-Walker_hound\n02089867_2227.jpg"
"images/n02089867-Walker_hound__n02089867_2267.jpg","Walker_hound","n02089867","n02089867-Walker_hound","C:\Users\sachi\Desktop\VLM_Benchmarking\Images\n02089867-Walker_hound\n02089867_2267.jpg"
"images/n02089867-Walker_hound__n02089867_2280.jpg","Walker_hound","n02089867","n02089867-Walker_hound","C:\Users\sachi\Desktop\VLM_Benchmarking\Images\n02089867-Walker_hound\n02089867_2280.jpg"
"images/n02089867-Walker_hound__n02089867_2287.jpg","Walker_hound","n02089867","n02089867-Walker_hound","C:\Users\sachi\Desktop\VLM_Benchmarking\Images\n02089867-Walker_hound\n02089867_2287.jpg"
"images/n02089867-Walker_hound__n02089867_2295.jpg","Walker_hound","n02089867","n02089867-Walker_hound","C:\Users\sachi\Desktop\VLM_Benchmarking\Images\n02089867-Walker_hound\n02089867_2295.jpg"
"images/n02089867-Walker_hound__n02089867_2319.jpg","Walker_hound","n02089867","n02089867-Walker_hound","C:\Users\sachi\Desktop\VLM_Benchmarking\Images\n02089867-Walker_hound\n02089867_2319.jpg"
"images/n02089867-Walker_hound__n02089867_2325.jpg","Walker_hound","n02089867","n02089867-Walker_hound","C:\Users\sachi\Desktop\VLM_Benchmarking\Images\n02089867-Walker_hound\n02089867_2325.jpg"
"images/n02089867-Walker_hound__n02089867_2365.jpg","Walker_hound","n02089867","n02089867-Walker_hound","C:\Users\sachi\Desktop\VLM_Benchmarking\Images\n02089867-Walker_hound\n02089867_2365.jpg"
"images/n02089867-Walker_hound__n02089867_2382.jpg","Walker_hound","n02089867","n02089867-Walker_hound","C:\Users\sachi\Desktop\VLM_Benchmarking\Images\n02089867-Walker_hound\n02089867_2382.jpg"
"images/n02089867-Walker_hound__n02089867_2387.jpg","Walker_hound","n02089867","n02089867-Walker_hound","C:\Users\sachi\Desktop\VLM_Benchmarking\Images\n02089867-Walker_hound\n02089867_2387.jpg"
"images/n02089867-Walker_hound__n02089867_2388.jpg","Walker_hound","n02089867","n02089867-Walker_hound","C:\Users\sachi\Desktop\VLM_Benchmarking\Images\n02089867-Walker_hound\n02089867_2388.jpg"
"images/n02089867-Walker_hound__n02089867_24.jpg","Walker_hound","n02089867","n02089867-Walker_hound","C:\Users\sachi\Desktop\VLM_Benchmarking\Images\n02089867-Walker_hound\n02089867_24.jpg"
"images/n02089867-Walker_hound__n02089867_2432.jpg","Walker_hound","n02089867","n02089867-Walker_hound","C:\Users\sachi\Desktop\VLM_Benchmarking\Images\n02089867-Walker_hound\n02089867_2432.jpg"
"images/n02089867-Walker_hound__n02089867_2433.jpg","Walker_hound","n02089867","n02089867-Walker_hound","C:\Users\sachi\Desktop\VLM_Benchmarking\Images\n02089867-Walker_hound\n02089867_2433.jpg"
"images/n02089867-Walker_hound__n02089867_2446.jpg","Walker_hound","n02089867","n02089867-Walker_hound","C:\Users\sachi\Desktop\VLM_Benchmarking\Images\n02089867-Walker_hound\n02089867_2446.jpg"
"images/n02089867-Walker_hound__n02089867_2472.jpg","Walker_hound","n02089867","n02089867-Walker_hound","C:\Users\sachi\Desktop\VLM_Benchmarking\Images\n02089867-Walker_hound\n02089867_2472.jpg"
"images/n02089867-Walker_hound__n02089867_2479.jpg","Walker_hound","n02089867","n02089867-Walker_hound","C:\Users\sachi\Desktop\VLM_Benchmarking\Images\n02089867-Walker_hound\n02089867_2479.jpg"
"images/n02089867-Walker_hound__n02089867_2559.jpg","Walker_hound","n02089867","n02089867-Walker_hound","C:\Users\sachi\Desktop\VLM_Benchmarking\Images\n02089867-Walker_hound\n02089867_2559.jpg"
"images/n02089867-Walker_hound__n02089867_2567.jpg","Walker_hound","n02089867","n02089867-Walker_hound","C:\Users\sachi\Desktop\VLM_Benchmarking\Images\n02089867-Walker_hound\n02089867_2567.jpg"
"images/n02089867-Walker_hound__n02089867_2582.jpg","Walker_hound","n02089867","n02089867-Walker_hound","C:\Users\sachi\Desktop\VLM_Benchmarking\Images\n02089867-Walker_hound\n02089867_2582.jpg"
"images/n02089867-Walker_hound__n02089867_2596.jpg","Walker_hound","n02089867","n02089867-Walker_hound","C:\Users\sachi\Desktop\VLM_Benchmarking\Images\n02089867-Walker_hound\n02089867_2596.jpg"
"images/n02089867-Walker_hound__n02089867_2602.jpg","Walker_hound","n02089867","n02089867-Walker_hound","C:\Users\sachi\Desktop\VLM_Benchmarking\Images\n02089867-Walker_hound\n02089867_2602.jpg"
"images/n02089867-Walker_hound__n02089867_2614.jpg","Walker_hound","n02089867","n02089867-Walker_hound","C:\Users\sachi\Desktop\VLM_Benchmarking\Images\n02089867-Walker_hound\n02089867_2614.jpg"
"images/n02089867-Walker_hound__n02089867_2653.jpg","Walker_hound","n02089867","n02089867-Walker_hound","C:\Users\sachi\Desktop\VLM_Benchmarking\Images\n02089867-Walker_hound\n02089867_2653.jpg"
"images/n02089867-Walker_hound__n02089867_266.jpg","Walker_hound","n02089867","n02089867-Walker_hound","C:\Users\sachi\Desktop\VLM_Benchmarking\Images\n02089867-Walker_hound\n02089867_266.jpg"
"images/n02089867-Walker_hound__n02089867_2677.jpg","Walker_hound","n02089867","n02089867-Walker_hound","C:\Users\sachi\Desktop\VLM_Benchmarking\Images\n02089867-Walker_hound\n02089867_2677.jpg"
"images/n02089867-Walker_hound__n02089867_2688.jpg","Walker_hound","n02089867","n02089867-Walker_hound","C:\Users\sachi\Desktop\VLM_Benchmarking\Images\n02089867-Walker_hound\n02089867_2688.jpg"
"images/n02089867-Walker_hound__n02089867_2713.jpg","Walker_hound","n02089867","n02089867-Walker_hound","C:\Users\sachi\Desktop\VLM_Benchmarking\Images\n02089867-Walker_hound\n02089867_2713.jpg"
"images/n02089867-Walker_hound__n02089867_2735.jpg","Walker_hound","n02089867","n02089867-Walker_hound","C:\Users\sachi\Desktop\VLM_Benchmarking\Images\n02089867-Walker_hound\n02089867_2735.jpg"
"images/n02089867-Walker_hound__n02089867_2743.jpg","Walker_hound","n02089867","n02089867-Walker_hound","C:\Users\sachi\Desktop\VLM_Benchmarking\Images\n02089867-Walker_hound\n02089867_2743.jpg"
"images/n02089867-Walker_hound__n02089867_2758.jpg","Walker_hound","n02089867","n02089867-Walker_hound","C:\Users\sachi\Desktop\VLM_Benchmarking\Images\n02089867-Walker_hound\n02089867_2758.jpg"
"images/n02089867-Walker_hound__n02089867_277.jpg","Walker_hound","n02089867","n02089867-Walker_hound","C:\Users\sachi\Desktop\VLM_Benchmarking\Images\n02089867-Walker_hound\n02089867_277.jpg"
"images/n02089867-Walker_hound__n02089867_2815.jpg","Walker_hound","n02089867","n02089867-Walker_hound","C:\Users\sachi\Desktop\VLM_Benchmarking\Images\n02089867-Walker_hound\n02089867_2815.jpg"
"images/n02089867-Walker_hound__n02089867_2880.jpg","Walker_hound","n02089867","n02089867-Walker_hound","C:\Users\sachi\Desktop\VLM_Benchmarking\Images\n02089867-Walker_hound\n02089867_2880.jpg"
"images/n02089867-Walker_hound__n02089867_2950.jpg","Walker_hound","n02089867","n02089867-Walker_hound","C:\Users\sachi\Desktop\VLM_Benchmarking\Images\n02089867-Walker_hound\n02089867_2950.jpg"
"images/n02089867-Walker_hound__n02089867_3023.jpg","Walker_hound","n02089867","n02089867-Walker_hound","C:\Users\sachi\Desktop\VLM_Benchmarking\Images\n02089867-Walker_hound\n02089867_3023.jpg"
"images/n02089867-Walker_hound__n02089867_3044.jpg","Walker_hound","n02089867","n02089867-Walker_hound","C:\Users\sachi\Desktop\VLM_Benchmarking\Images\n02089867-Walker_hound\n02089867_3044.jpg"
"images/n02089867-Walker_hound__n02089867_3072.jpg","Walker_hound","n02089867","n02089867-Walker_hound","C:\Users\sachi\Desktop\VLM_Benchmarking\Images\n02089867-Walker_hound\n02089867_3072.jpg"
"images/n02089867-Walker_hound__n02089867_31.jpg","Walker_hound","n02089867","n02089867-Walker_hound","C:\Users\sachi\Desktop\VLM_Benchmarking\Images\n02089867-Walker_hound\n02089867_31.jpg"
"images/n02089973-English_foxhound__n02089973_1.jpg","English_foxhound","n02089973","n02089973-English_foxhound","C:\Users\sachi\Desktop\VLM_Benchmarking\Images\n02089973-English_foxhound\n02089973_1.jpg"
"images/n02089973-English_foxhound__n02089973_1000.jpg","English_foxhound","n02089973","n02089973-English_foxhound","C:\Users\sachi\Desktop\VLM_Benchmarking\Images\n02089973-English_foxhound\n02089973_1000.jpg"
"images/n02089973-English_foxhound__n02089973_1030.jpg","English_foxhound","n02089973","n02089973-English_foxhound","C:\Users\sachi\Desktop\VLM_Benchmarking\Images\n02089973-English_foxhound\n02089973_1030.jpg"
"images/n02089973-English_foxhound__n02089973_1066.jpg","English_foxhound","n02089973","n02089973-English_foxhound","C:\Users\sachi\Desktop\VLM_Benchmarking\Images\n02089973-English_foxhound\n02089973_1066.jpg"
"images/n02089973-English_foxhound__n02089973_1076.jpg","English_foxhound","n02089973","n02089973-English_foxhound","C:\Users\sachi\Desktop\VLM_Benchmarking\Images\n02089973-English_foxhound\n02089973_1076.jpg"
"images/n02089973-English_foxhound__n02089973_1078.jpg","English_foxhound","n02089973","n02089973-English_foxhound","C:\Users\sachi\Desktop\VLM_Benchmarking\Images\n02089973-English_foxhound\n02089973_1078.jpg"
"images/n02089973-English_foxhound__n02089973_1106.jpg","English_foxhound","n02089973","n02089973-English_foxhound","C:\Users\sachi\Desktop\VLM_Benchmarking\Images\n02089973-English_foxhound\n02089973_1106.jpg"
"images/n02089973-English_foxhound__n02089973_1132.jpg","English_foxhound","n02089973","n02089973-English_foxhound","C:\Users\sachi\Desktop\VLM_Benchmarking\Images\n02089973-English_foxhound\n02089973_1132.jpg"
"images/n02089973-English_foxhound__n02089973_1232.jpg","English_foxhound","n02089973","n02089973-English_foxhound","C:\Users\sachi\Desktop\VLM_Benchmarking\Images\n02089973-English_foxhound\n02089973_1232.jpg"
"images/n02089973-English_foxhound__n02089973_1249.jpg","English_foxhound","n02089973","n02089973-English_foxhound","C:\Users\sachi\Desktop\VLM_Benchmarking\Images\n02089973-English_foxhound\n02089973_1249.jpg"
"images/n02089973-English_foxhound__n02089973_1255.jpg","English_foxhound","n02089973","n02089973-English_foxhound","C:\Users\sachi\Desktop\VLM_Benchmarking\Images\n02089973-English_foxhound\n02089973_1255.jpg"
"images/n02089973-English_foxhound__n02089973_1260.jpg","English_foxhound","n02089973","n02089973-English_foxhound","C:\Users\sachi\Desktop\VLM_Benchmarking\Images\n02089973-English_foxhound\n02089973_1260.jpg"
"images/n02089973-English_foxhound__n02089973_1277.jpg","English_foxhound","n02089973","n02089973-English_foxhound","C:\Users\sachi\Desktop\VLM_Benchmarking\Images\n02089973-English_foxhound\n02089973_1277.jpg"
"images/n02089973-English_foxhound__n02089973_1298.jpg","English_foxhound","n02089973","n02089973-English_foxhound","C:\Users\sachi\Desktop\VLM_Benchmarking\Images\n02089973-English_foxhound\n02089973_1298.jpg"
"images/n02089973-English_foxhound__n02089973_1303.jpg","English_foxhound","n02089973","n02089973-English_foxhound","C:\Users\sachi\Desktop\VLM_Benchmarking\Images\n02089973-English_foxhound\n02089973_1303.jpg"
"images/n02089973-English_foxhound__n02089973_1312.jpg","English_foxhound","n02089973","n02089973-English_foxhound","C:\Users\sachi\Desktop\VLM_Benchmarking\Images\n02089973-English_foxhound\n02089973_1312.jpg"
"images/n02089973-English_foxhound__n02089973_1324.jpg","English_foxhound","n02089973","n02089973-English_foxhound","C:\Users\sachi\Desktop\VLM_Benchmarking\Images\n02089973-English_foxhound\n02089973_1324.jpg"
"images/n02089973-English_foxhound__n02089973_1345.jpg","English_foxhound","n02089973","n02089973-English_foxhound","C:\Users\sachi\Desktop\VLM_Benchmarking\Images\n02089973-English_foxhound\n02089973_1345.jpg"
"images/n02089973-English_foxhound__n02089973_1352.jpg","English_foxhound","n02089973","n02089973-English_foxhound","C:\Users\sachi\Desktop\VLM_Benchmarking\Images\n02089973-English_foxhound\n02089973_1352.jpg"
"images/n02089973-English_foxhound__n02089973_1356.jpg","English_foxhound","n02089973","n02089973-English_foxhound","C:\Users\sachi\Desktop\VLM_Benchmarking\Images\n02089973-English_foxhound\n02089973_1356.jpg"
"images/n02089973-English_foxhound__n02089973_1357.jpg","English_foxhound","n02089973","n02089973-English_foxhound","C:\Users\sachi\Desktop\VLM_Benchmarking\Images\n02089973-English_foxhound\n02089973_1357.jpg"
"images/n02089973-English_foxhound__n02089973_1375.jpg","English_foxhound","n02089973","n02089973-English_foxhound","C:\Users\sachi\Desktop\VLM_Benchmarking\Images\n02089973-English_foxhound\n02089973_1375.jpg"
"images/n02089973-English_foxhound__n02089973_1381.jpg","English_foxhound","n02089973","n02089973-English_foxhound","C:\Users\sachi\Desktop\VLM_Benchmarking\Images\n02089973-English_foxhound\n02089973_1381.jpg"
"images/n02089973-English_foxhound__n02089973_140.jpg","English_foxhound","n02089973","n02089973-English_foxhound","C:\Users\sachi\Desktop\VLM_Benchmarking\Images\n02089973-English_foxhound\n02089973_140.jpg"
"images/n02089973-English_foxhound__n02089973_1458.jpg","English_foxhound","n02089973","n02089973-English_foxhound","C:\Users\sachi\Desktop\VLM_Benchmarking\Images\n02089973-English_foxhound\n02089973_1458.jpg"
"images/n02089973-English_foxhound__n02089973_1490.jpg","English_foxhound","n02089973","n02089973-English_foxhound","C:\Users\sachi\Desktop\VLM_Benchmarking\Images\n02089973-English_foxhound\n02089973_1490.jpg"
"images/n02089973-English_foxhound__n02089973_1492.jpg","English_foxhound","n02089973","n02089973-English_foxhound","C:\Users\sachi\Desktop\VLM_Benchmarking\Images\n02089973-English_foxhound\n02089973_1492.jpg"
"images/n02089973-English_foxhound__n02089973_1516.jpg","English_foxhound","n02089973","n02089973-English_foxhound","C:\Users\sachi\Desktop\VLM_Benchmarking\Images\n02089973-English_foxhound\n02089973_1516.jpg"
"images/n02089973-English_foxhound__n02089973_1577.jpg","English_foxhound","n02089973","n02089973-English_foxhound","C:\Users\sachi\Desktop\VLM_Benchmarking\Images\n02089973-English_foxhound\n02089973_1577.jpg"
"images/n02089973-English_foxhound__n02089973_1623.jpg","English_foxhound","n02089973","n02089973-English_foxhound","C:\Users\sachi\Desktop\VLM_Benchmarking\Images\n02089973-English_foxhound\n02089973_1623.jpg"
"images/n02089973-English_foxhound__n02089973_1690.jpg","English_foxhound","n02089973","n02089973-English_foxhound","C:\Users\sachi\Desktop\VLM_Benchmarking\Images\n02089973-English_foxhound\n02089973_1690.jpg"
"images/n02089973-English_foxhound__n02089973_1701.jpg","English_foxhound","n02089973","n02089973-English_foxhound","C:\Users\sachi\Desktop\VLM_Benchmarking\Images\n02089973-English_foxhound\n02089973_1701.jpg"
"images/n02089973-English_foxhound__n02089973_1733.jpg","English_foxhound","n02089973","n02089973-English_foxhound","C:\Users\sachi\Desktop\VLM_Benchmarking\Images\n02089973-English_foxhound\n02089973_1733.jpg"
"images/n02089973-English_foxhound__n02089973_1748.jpg","English_foxhound","n02089973","n02089973-English_foxhound","C:\Users\sachi\Desktop\VLM_Benchmarking\Images\n02089973-English_foxhound\n02089973_1748.jpg"
"images/n02089973-English_foxhound__n02089973_1763.jpg","English_foxhound","n02089973","n02089973-English_foxhound","C:\Users\sachi\Desktop\VLM_Benchmarking\Images\n02089973-English_foxhound\n02089973_1763.jpg"
"images/n02089973-English_foxhound__n02089973_1799.jpg","English_foxhound","n02089973","n02089973-English_foxhound","C:\Users\sachi\Desktop\VLM_Benchmarking\Images\n02089973-English_foxhound\n02089973_1799.jpg"
"images/n02089973-English_foxhound__n02089973_1803.jpg","English_foxhound","n02089973","n02089973-English_foxhound","C:\Users\sachi\Desktop\VLM_Benchmarking\Images\n02089973-English_foxhound\n02089973_1803.jpg"
"images/n02089973-English_foxhound__n02089973_1841.jpg","English_foxhound","n02089973","n02089973-English_foxhound","C:\Users\sachi\Desktop\VLM_Benchmarking\Images\n02089973-English_foxhound\n02089973_1841.jpg"
"images/n02089973-English_foxhound__n02089973_186.jpg","English_foxhound","n02089973","n02089973-English_foxhound","C:\Users\sachi\Desktop\VLM_Benchmarking\Images\n02089973-English_foxhound\n02089973_186.jpg"
"images/n02089973-English_foxhound__n02089973_1877.jpg","English_foxhound","n02089973","n02089973-English_foxhound","C:\Users\sachi\Desktop\VLM_Benchmarking\Images\n02089973-English_foxhound\n02089973_1877.jpg"
"images/n02089973-English_foxhound__n02089973_1888.jpg","English_foxhound","n02089973","n02089973-English_foxhound","C:\Users\sachi\Desktop\VLM_Benchmarking\Images\n02089973-English_foxhound\n02089973_1888.jpg"
"images/n02089973-English_foxhound__n02089973_1890.jpg","English_foxhound","n02089973","n02089973-English_foxhound","C:\Users\sachi\Desktop\VLM_Benchmarking\Images\n02089973-English_foxhound\n02089973_1890.jpg"
"images/n02089973-English_foxhound__n02089973_1907.jpg","English_foxhound","n02089973","n02089973-English_foxhound","C:\Users\sachi\Desktop\VLM_Benchmarking\Images\n02089973-English_foxhound\n02089973_1907.jpg"
"images/n02089973-English_foxhound__n02089973_1957.jpg","English_foxhound","n02089973","n02089973-English_foxhound","C:\Users\sachi\Desktop\VLM_Benchmarking\Images\n02089973-English_foxhound\n02089973_1957.jpg"
"images/n02089973-English_foxhound__n02089973_2.jpg","English_foxhound","n02089973","n02089973-English_foxhound","C:\Users\sachi\Desktop\VLM_Benchmarking\Images\n02089973-English_foxhound\n02089973_2.jpg"
"images/n02089973-English_foxhound__n02089973_2017.jpg","English_foxhound","n02089973","n02089973-English_foxhound","C:\Users\sachi\Desktop\VLM_Benchmarking\Images\n02089973-English_foxhound\n02089973_2017.jpg"
"images/n02089973-English_foxhound__n02089973_2045.jpg","English_foxhound","n02089973","n02089973-English_foxhound","C:\Users\sachi\Desktop\VLM_Benchmarking\Images\n02089973-English_foxhound\n02089973_2045.jpg"
"images/n02089973-English_foxhound__n02089973_2054.jpg","English_foxhound","n02089973","n02089973-English_foxhound","C:\Users\sachi\Desktop\VLM_Benchmarking\Images\n02089973-English_foxhound\n02089973_2054.jpg"
"images/n02089973-English_foxhound__n02089973_2064.jpg","English_foxhound","n02089973","n02089973-English_foxhound","C:\Users\sachi\Desktop\VLM_Benchmarking\Images\n02089973-English_foxhound\n02089973_2064.jpg"
"images/n02089973-English_foxhound__n02089973_2068.jpg","English_foxhound","n02089973","n02089973-English_foxhound","C:\Users\sachi\Desktop\VLM_Benchmarking\Images\n02089973-English_foxhound\n02089973_2068.jpg"
"images/n02089973-English_foxhound__n02089973_2073.jpg","English_foxhound","n02089973","n02089973-English_foxhound","C:\Users\sachi\Desktop\VLM_Benchmarking\Images\n02089973-English_foxhound\n02089973_2073.jpg"
"images/n02089973-English_foxhound__n02089973_208.jpg","English_foxhound","n02089973","n02089973-English_foxhound","C:\Users\sachi\Desktop\VLM_Benchmarking\Images\n02089973-English_foxhound\n02089973_208.jpg"
"images/n02089973-English_foxhound__n02089973_2093.jpg","English_foxhound","n02089973","n02089973-English_foxhound","C:\Users\sachi\Desktop\VLM_Benchmarking\Images\n02089973-English_foxhound\n02089973_2093.jpg"
"images/n02089973-English_foxhound__n02089973_2110.jpg","English_foxhound","n02089973","n02089973-English_foxhound","C:\Users\sachi\Desktop\VLM_Benchmarking\Images\n02089973-English_foxhound\n02089973_2110.jpg"
"images/n02089973-English_foxhound__n02089973_2133.jpg","English_foxhound","n02089973","n02089973-English_foxhound","C:\Users\sachi\Desktop\VLM_Benchmarking\Images\n02089973-English_foxhound\n02089973_2133.jpg"
"images/n02089973-English_foxhound__n02089973_2150.jpg","English_foxhound","n02089973","n02089973-English_foxhound","C:\Users\sachi\Desktop\VLM_Benchmarking\Images\n02089973-English_foxhound\n02089973_2150.jpg"
"images/n02089973-English_foxhound__n02089973_2181.jpg","English_foxhound","n02089973","n02089973-English_foxhound","C:\Users\sachi\Desktop\VLM_Benchmarking\Images\n02089973-English_foxhound\n02089973_2181.jpg"
"images/n02089973-English_foxhound__n02089973_2211.jpg","English_foxhound","n02089973","n02089973-English_foxhound","C:\Users\sachi\Desktop\VLM_Benchmarking\Images\n02089973-English_foxhound\n02089973_2211.jpg"
"images/n02089973-English_foxhound__n02089973_2249.jpg","English_foxhound","n02089973","n02089973-English_foxhound","C:\Users\sachi\Desktop\VLM_Benchmarking\Images\n02089973-English_foxhound\n02089973_2249.jpg"
"images/n02089973-English_foxhound__n02089973_2300.jpg","English_foxhound","n02089973","n02089973-English_foxhound","C:\Users\sachi\Desktop\VLM_Benchmarking\Images\n02089973-English_foxhound\n02089973_2300.jpg"
"images/n02089973-English_foxhound__n02089973_2308.jpg","English_foxhound","n02089973","n02089973-English_foxhound","C:\Users\sachi\Desktop\VLM_Benchmarking\Images\n02089973-English_foxhound\n02089973_2308.jpg"
"images/n02089973-English_foxhound__n02089973_2322.jpg","English_foxhound","n02089973","n02089973-English_foxhound","C:\Users\sachi\Desktop\VLM_Benchmarking\Images\n02089973-English_foxhound\n02089973_2322.jpg"
"images/n02089973-English_foxhound__n02089973_2331.jpg","English_foxhound","n02089973","n02089973-English_foxhound","C:\Users\sachi\Desktop\VLM_Benchmarking\Images\n02089973-English_foxhound\n02089973_2331.jpg"
"images/n02089973-English_foxhound__n02089973_2345.jpg","English_foxhound","n02089973","n02089973-English_foxhound","C:\Users\sachi\Desktop\VLM_Benchmarking\Images\n02089973-English_foxhound\n02089973_2345.jpg"
"images/n02089973-English_foxhound__n02089973_2397.jpg","English_foxhound","n02089973","n02089973-English_foxhound","C:\Users\sachi\Desktop\VLM_Benchmarking\Images\n02089973-English_foxhound\n02089973_2397.jpg"
"images/n02089973-English_foxhound__n02089973_2404.jpg","English_foxhound","n02089973","n02089973-English_foxhound","C:\Users\sachi\Desktop\VLM_Benchmarking\Images\n02089973-English_foxhound\n02089973_2404.jpg"
"images/n02089973-English_foxhound__n02089973_2415.jpg","English_foxhound","n02089973","n02089973-English_foxhound","C:\Users\sachi\Desktop\VLM_Benchmarking\Images\n02089973-English_foxhound\n02089973_2415.jpg"
"images/n02089973-English_foxhound__n02089973_243.jpg","English_foxhound","n02089973","n02089973-English_foxhound","C:\Users\sachi\Desktop\VLM_Benchmarking\Images\n02089973-English_foxhound\n02089973_243.jpg"
"images/n02089973-English_foxhound__n02089973_2457.jpg","English_foxhound","n02089973","n02089973-English_foxhound","C:\Users\sachi\Desktop\VLM_Benchmarking\Images\n02089973-English_foxhound\n02089973_2457.jpg"
"images/n02089973-English_foxhound__n02089973_2476.jpg","English_foxhound","n02089973","n02089973-English_foxhound","C:\Users\sachi\Desktop\VLM_Benchmarking\Images\n02089973-English_foxhound\n02089973_2476.jpg"
"images/n02089973-English_foxhound__n02089973_2484.jpg","English_foxhound","n02089973","n02089973-English_foxhound","C:\Users\sachi\Desktop\VLM_Benchmarking\Images\n02089973-English_foxhound\n02089973_2484.jpg"
"images/n02089973-English_foxhound__n02089973_2497.jpg","English_foxhound","n02089973","n02089973-English_foxhound","C:\Users\sachi\Desktop\VLM_Benchmarking\Images\n02089973-English_foxhound\n02089973_2497.jpg"
"images/n02089973-English_foxhound__n02089973_2500.jpg","English_foxhound","n02089973","n02089973-English_foxhound","C:\Users\sachi\Desktop\VLM_Benchmarking\Images\n02089973-English_foxhound\n02089973_2500.jpg"
"images/n02089973-English_foxhound__n02089973_2509.jpg","English_foxhound","n02089973","n02089973-English_foxhound","C:\Users\sachi\Desktop\VLM_Benchmarking\Images\n02089973-English_foxhound\n02089973_2509.jpg"
"images/n02089973-English_foxhound__n02089973_251.jpg","English_foxhound","n02089973","n02089973-English_foxhound","C:\Users\sachi\Desktop\VLM_Benchmarking\Images\n02089973-English_foxhound\n02089973_251.jpg"
"images/n02089973-English_foxhound__n02089973_255.jpg","English_foxhound","n02089973","n02089973-English_foxhound","C:\Users\sachi\Desktop\VLM_Benchmarking\Images\n02089973-English_foxhound\n02089973_255.jpg"
"images/n02089973-English_foxhound__n02089973_2551.jpg","English_foxhound","n02089973","n02089973-English_foxhound","C:\Users\sachi\Desktop\VLM_Benchmarking\Images\n02089973-English_foxhound\n02089973_2551.jpg"
"images/n02089973-English_foxhound__n02089973_2599.jpg","English_foxhound","n02089973","n02089973-English_foxhound","C:\Users\sachi\Desktop\VLM_Benchmarking\Images\n02089973-English_foxhound\n02089973_2599.jpg"
"images/n02089973-English_foxhound__n02089973_2603.jpg","English_foxhound","n02089973","n02089973-English_foxhound","C:\Users\sachi\Desktop\VLM_Benchmarking\Images\n02089973-English_foxhound\n02089973_2603.jpg"
"images/n02089973-English_foxhound__n02089973_2608.jpg","English_foxhound","n02089973","n02089973-English_foxhound","C:\Users\sachi\Desktop\VLM_Benchmarking\Images\n02089973-English_foxhound\n02089973_2608.jpg"
"images/n02089973-English_foxhound__n02089973_263.jpg","English_foxhound","n02089973","n02089973-English_foxhound","C:\Users\sachi\Desktop\VLM_Benchmarking\Images\n02089973-English_foxhound\n02089973_263.jpg"
"images/n02089973-English_foxhound__n02089973_2633.jpg","English_foxhound","n02089973","n02089973-English_foxhound","C:\Users\sachi\Desktop\VLM_Benchmarking\Images\n02089973-English_foxhound\n02089973_2633.jpg"
"images/n02089973-English_foxhound__n02089973_2681.jpg","English_foxhound","n02089973","n02089973-English_foxhound","C:\Users\sachi\Desktop\VLM_Benchmarking\Images\n02089973-English_foxhound\n02089973_2681.jpg"
"images/n02089973-English_foxhound__n02089973_270.jpg","English_foxhound","n02089973","n02089973-English_foxhound","C:\Users\sachi\Desktop\VLM_Benchmarking\Images\n02089973-English_foxhound\n02089973_270.jpg"
"images/n02089973-English_foxhound__n02089973_2716.jpg","English_foxhound","n02089973","n02089973-English_foxhound","C:\Users\sachi\Desktop\VLM_Benchmarking\Images\n02089973-English_foxhound\n02089973_2716.jpg"
"images/n02089973-English_foxhound__n02089973_2756.jpg","English_foxhound","n02089973","n02089973-English_foxhound","C:\Users\sachi\Desktop\VLM_Benchmarking\Images\n02089973-English_foxhound\n02089973_2756.jpg"
"images/n02089973-English_foxhound__n02089973_2781.jpg","English_foxhound","n02089973","n02089973-English_foxhound","C:\Users\sachi\Desktop\VLM_Benchmarking\Images\n02089973-English_foxhound\n02089973_2781.jpg"
"images/n02089973-English_foxhound__n02089973_2791.jpg","English_foxhound","n02089973","n02089973-English_foxhound","C:\Users\sachi\Desktop\VLM_Benchmarking\Images\n02089973-English_foxhound\n02089973_2791.jpg"
"images/n02089973-English_foxhound__n02089973_2810.jpg","English_foxhound","n02089973","n02089973-English_foxhound","C:\Users\sachi\Desktop\VLM_Benchmarking\Images\n02089973-English_foxhound\n02089973_2810.jpg"
"images/n02089973-English_foxhound__n02089973_289.jpg","English_foxhound","n02089973","n02089973-English_foxhound","C:\Users\sachi\Desktop\VLM_Benchmarking\Images\n02089973-English_foxhound\n02089973_289.jpg"
"images/n02089973-English_foxhound__n02089973_2905.jpg","English_foxhound","n02089973","n02089973-English_foxhound","C:\Users\sachi\Desktop\VLM_Benchmarking\Images\n02089973-English_foxhound\n02089973_2905.jpg"
"images/n02089973-English_foxhound__n02089973_2943.jpg","English_foxhound","n02089973","n02089973-English_foxhound","C:\Users\sachi\Desktop\VLM_Benchmarking\Images\n02089973-English_foxhound\n02089973_2943.jpg"
"images/n02089973-English_foxhound__n02089973_3037.jpg","English_foxhound","n02089973","n02089973-English_foxhound","C:\Users\sachi\Desktop\VLM_Benchmarking\Images\n02089973-English_foxhound\n02089973_3037.jpg"
"images/n02089973-English_foxhound__n02089973_3040.jpg","English_foxhound","n02089973","n02089973-English_foxhound","C:\Users\sachi\Desktop\VLM_Benchmarking\Images\n02089973-English_foxhound\n02089973_3040.jpg"
"images/n02089973-English_foxhound__n02089973_3055.jpg","English_foxhound","n02089973","n02089973-English_foxhound","C:\Users\sachi\Desktop\VLM_Benchmarking\Images\n02089973-English_foxhound\n02089973_3055.jpg"
"images/n02089973-English_foxhound__n02089973_3074.jpg","English_foxhound","n02089973","n02089973-English_foxhound","C:\Users\sachi\Desktop\VLM_Benchmarking\Images\n02089973-English_foxhound\n02089973_3074.jpg"
"images/n02089973-English_foxhound__n02089973_3089.jpg","English_foxhound","n02089973","n02089973-English_foxhound","C:\Users\sachi\Desktop\VLM_Benchmarking\Images\n02089973-English_foxhound\n02089973_3089.jpg"
"images/n02089973-English_foxhound__n02089973_3113.jpg","English_foxhound","n02089973","n02089973-English_foxhound","C:\Users\sachi\Desktop\VLM_Benchmarking\Images\n02089973-English_foxhound\n02089973_3113.jpg"
"images/n02089973-English_foxhound__n02089973_3119.jpg","English_foxhound","n02089973","n02089973-English_foxhound","C:\Users\sachi\Desktop\VLM_Benchmarking\Images\n02089973-English_foxhound\n02089973_3119.jpg"
"images/n02089973-English_foxhound__n02089973_3120.jpg","English_foxhound","n02089973","n02089973-English_foxhound","C:\Users\sachi\Desktop\VLM_Benchmarking\Images\n02089973-English_foxhound\n02089973_3120.jpg"
"images/n02088466-bloodhound__n02088466_10083.jpg","bloodhound","n02088466","n02088466-bloodhound","C:\Users\sachi\Desktop\VLM_Benchmarking\Images\n02088466-bloodhound\n02088466_10083.jpg"
"images/n02088466-bloodhound__n02088466_1015.jpg","bloodhound","n02088466","n02088466-bloodhound","C:\Users\sachi\Desktop\VLM_Benchmarking\Images\n02088466-bloodhound\n02088466_1015.jpg"
"images/n02088466-bloodhound__n02088466_10309.jpg","bloodhound","n02088466","n02088466-bloodhound","C:\Users\sachi\Desktop\VLM_Benchmarking\Images\n02088466-bloodhound\n02088466_10309.jpg"
"images/n02088466-bloodhound__n02088466_10331.jpg","bloodhound","n02088466","n02088466-bloodhound","C:\Users\sachi\Desktop\VLM_Benchmarking\Images\n02088466-bloodhound\n02088466_10331.jpg"
"images/n02088466-bloodhound__n02088466_10335.jpg","bloodhound","n02088466","n02088466-bloodhound","C:\Users\sachi\Desktop\VLM_Benchmarking\Images\n02088466-bloodhound\n02088466_10335.jpg"
"images/n02088466-bloodhound__n02088466_10408.jpg","bloodhound","n02088466","n02088466-bloodhound","C:\Users\sachi\Desktop\VLM_Benchmarking\Images\n02088466-bloodhound\n02088466_10408.jpg"
"images/n02088466-bloodhound__n02088466_10506.jpg","bloodhound","n02088466","n02088466-bloodhound","C:\Users\sachi\Desktop\VLM_Benchmarking\Images\n02088466-bloodhound\n02088466_10506.jpg"
"images/n02088466-bloodhound__n02088466_10545.jpg","bloodhound","n02088466","n02088466-bloodhound","C:\Users\sachi\Desktop\VLM_Benchmarking\Images\n02088466-bloodhound\n02088466_10545.jpg"
"images/n02088466-bloodhound__n02088466_10724.jpg","bloodhound","n02088466","n02088466-bloodhound","C:\Users\sachi\Desktop\VLM_Benchmarking\Images\n02088466-bloodhound\n02088466_10724.jpg"
"images/n02088466-bloodhound__n02088466_10773.jpg","bloodhound","n02088466","n02088466-bloodhound","C:\Users\sachi\Desktop\VLM_Benchmarking\Images\n02088466-bloodhound\n02088466_10773.jpg"
"images/n02088466-bloodhound__n02088466_10831.jpg","bloodhound","n02088466","n02088466-bloodhound","C:\Users\sachi\Desktop\VLM_Benchmarking\Images\n02088466-bloodhound\n02088466_10831.jpg"
"images/n02088466-bloodhound__n02088466_10904.jpg","bloodhound","n02088466","n02088466-bloodhound","C:\Users\sachi\Desktop\VLM_Benchmarking\Images\n02088466-bloodhound\n02088466_10904.jpg"
"images/n02088466-bloodhound__n02088466_11398.jpg","bloodhound","n02088466","n02088466-bloodhound","C:\Users\sachi\Desktop\VLM_Benchmarking\Images\n02088466-bloodhound\n02088466_11398.jpg"
"images/n02088466-bloodhound__n02088466_11623.jpg","bloodhound","n02088466","n02088466-bloodhound","C:\Users\sachi\Desktop\VLM_Benchmarking\Images\n02088466-bloodhound\n02088466_11623.jpg"
"images/n02088466-bloodhound__n02088466_11827.jpg","bloodhound","n02088466","n02088466-bloodhound","C:\Users\sachi\Desktop\VLM_Benchmarking\Images\n02088466-bloodhound\n02088466_11827.jpg"
"images/n02088466-bloodhound__n02088466_11903.jpg","bloodhound","n02088466","n02088466-bloodhound","C:\Users\sachi\Desktop\VLM_Benchmarking\Images\n02088466-bloodhound\n02088466_11903.jpg"
"images/n02088466-bloodhound__n02088466_11936.jpg","bloodhound","n02088466","n02088466-bloodhound","C:\Users\sachi\Desktop\VLM_Benchmarking\Images\n02088466-bloodhound\n02088466_11936.jpg"
"images/n02088466-bloodhound__n02088466_12003.jpg","bloodhound","n02088466","n02088466-bloodhound","C:\Users\sachi\Desktop\VLM_Benchmarking\Images\n02088466-bloodhound\n02088466_12003.jpg"
"images/n02088466-bloodhound__n02088466_12353.jpg","bloodhound","n02088466","n02088466-bloodhound","C:\Users\sachi\Desktop\VLM_Benchmarking\Images\n02088466-bloodhound\n02088466_12353.jpg"
"images/n02088466-bloodhound__n02088466_12388.jpg","bloodhound","n02088466","n02088466-bloodhound","C:\Users\sachi\Desktop\VLM_Benchmarking\Images\n02088466-bloodhound\n02088466_12388.jpg"
"images/n02088466-bloodhound__n02088466_1262.jpg","bloodhound","n02088466","n02088466-bloodhound","C:\Users\sachi\Desktop\VLM_Benchmarking\Images\n02088466-bloodhound\n02088466_1262.jpg"
"images/n02088466-bloodhound__n02088466_1473.jpg","bloodhound","n02088466","n02088466-bloodhound","C:\Users\sachi\Desktop\VLM_Benchmarking\Images\n02088466-bloodhound\n02088466_1473.jpg"
"images/n02088466-bloodhound__n02088466_1503.jpg","bloodhound","n02088466","n02088466-bloodhound","C:\Users\sachi\Desktop\VLM_Benchmarking\Images\n02088466-bloodhound\n02088466_1503.jpg"
"images/n02088466-bloodhound__n02088466_1555.jpg","bloodhound","n02088466","n02088466-bloodhound","C:\Users\sachi\Desktop\VLM_Benchmarking\Images\n02088466-bloodhound\n02088466_1555.jpg"
"images/n02088466-bloodhound__n02088466_1563.jpg","bloodhound","n02088466","n02088466-bloodhound","C:\Users\sachi\Desktop\VLM_Benchmarking\Images\n02088466-bloodhound\n02088466_1563.jpg"
"images/n02088466-bloodhound__n02088466_1671.jpg","bloodhound","n02088466","n02088466-bloodhound","C:\Users\sachi\Desktop\VLM_Benchmarking\Images\n02088466-bloodhound\n02088466_1671.jpg"
"images/n02088466-bloodhound__n02088466_1983.jpg","bloodhound","n02088466","n02088466-bloodhound","C:\Users\sachi\Desktop\VLM_Benchmarking\Images\n02088466-bloodhound\n02088466_1983.jpg"
"images/n02088466-bloodhound__n02088466_2030.jpg","bloodhound","n02088466","n02088466-bloodhound","C:\Users\sachi\Desktop\VLM_Benchmarking\Images\n02088466-bloodhound\n02088466_2030.jpg"
"images/n02088466-bloodhound__n02088466_2332.jpg","bloodhound","n02088466","n02088466-bloodhound","C:\Users\sachi\Desktop\VLM_Benchmarking\Images\n02088466-bloodhound\n02088466_2332.jpg"
"images/n02088466-bloodhound__n02088466_2862.jpg","bloodhound","n02088466","n02088466-bloodhound","C:\Users\sachi\Desktop\VLM_Benchmarking\Images\n02088466-bloodhound\n02088466_2862.jpg"
"images/n02088466-bloodhound__n02088466_2908.jpg","bloodhound","n02088466","n02088466-bloodhound","C:\Users\sachi\Desktop\VLM_Benchmarking\Images\n02088466-bloodhound\n02088466_2908.jpg"
"images/n02088466-bloodhound__n02088466_2934.jpg","bloodhound","n02088466","n02088466-bloodhound","C:\Users\sachi\Desktop\VLM_Benchmarking\Images\n02088466-bloodhound\n02088466_2934.jpg"
"images/n02088466-bloodhound__n02088466_2986.jpg","bloodhound","n02088466","n02088466-bloodhound","C:\Users\sachi\Desktop\VLM_Benchmarking\Images\n02088466-bloodhound\n02088466_2986.jpg"
"images/n02088466-bloodhound__n02088466_3032.jpg","bloodhound","n02088466","n02088466-bloodhound","C:\Users\sachi\Desktop\VLM_Benchmarking\Images\n02088466-bloodhound\n02088466_3032.jpg"
"images/n02088466-bloodhound__n02088466_3096.jpg","bloodhound","n02088466","n02088466-bloodhound","C:\Users\sachi\Desktop\VLM_Benchmarking\Images\n02088466-bloodhound\n02088466_3096.jpg"
"images/n02088466-bloodhound__n02088466_3184.jpg","bloodhound","n02088466","n02088466-bloodhound","C:\Users\sachi\Desktop\VLM_Benchmarking\Images\n02088466-bloodhound\n02088466_3184.jpg"
"images/n02088466-bloodhound__n02088466_3217.jpg","bloodhound","n02088466","n02088466-bloodhound","C:\Users\sachi\Desktop\VLM_Benchmarking\Images\n02088466-bloodhound\n02088466_3217.jpg"
"images/n02088466-bloodhound__n02088466_3333.jpg","bloodhound","n02088466","n02088466-bloodhound","C:\Users\sachi\Desktop\VLM_Benchmarking\Images\n02088466-bloodhound\n02088466_3333.jpg"
"images/n02088466-bloodhound__n02088466_3448.jpg","bloodhound","n02088466","n02088466-bloodhound","C:\Users\sachi\Desktop\VLM_Benchmarking\Images\n02088466-bloodhound\n02088466_3448.jpg"
"images/n02088466-bloodhound__n02088466_3568.jpg","bloodhound","n02088466","n02088466-bloodhound","C:\Users\sachi\Desktop\VLM_Benchmarking\Images\n02088466-bloodhound\n02088466_3568.jpg"
"images/n02088466-bloodhound__n02088466_3634.jpg","bloodhound","n02088466","n02088466-bloodhound","C:\Users\sachi\Desktop\VLM_Benchmarking\Images\n02088466-bloodhound\n02088466_3634.jpg"
"images/n02088466-bloodhound__n02088466_4054.jpg","bloodhound","n02088466","n02088466-bloodhound","C:\Users\sachi\Desktop\VLM_Benchmarking\Images\n02088466-bloodhound\n02088466_4054.jpg"
"images/n02088466-bloodhound__n02088466_4169.jpg","bloodhound","n02088466","n02088466-bloodhound","C:\Users\sachi\Desktop\VLM_Benchmarking\Images\n02088466-bloodhound\n02088466_4169.jpg"
"images/n02088466-bloodhound__n02088466_4178.jpg","bloodhound","n02088466","n02088466-bloodhound","C:\Users\sachi\Desktop\VLM_Benchmarking\Images\n02088466-bloodhound\n02088466_4178.jpg"
"images/n02088466-bloodhound__n02088466_4385.jpg","bloodhound","n02088466","n02088466-bloodhound","C:\Users\sachi\Desktop\VLM_Benchmarking\Images\n02088466-bloodhound\n02088466_4385.jpg"
"images/n02088466-bloodhound__n02088466_4445.jpg","bloodhound","n02088466","n02088466-bloodhound","C:\Users\sachi\Desktop\VLM_Benchmarking\Images\n02088466-bloodhound\n02088466_4445.jpg"
"images/n02088466-bloodhound__n02088466_4731.jpg","bloodhound","n02088466","n02088466-bloodhound","C:\Users\sachi\Desktop\VLM_Benchmarking\Images\n02088466-bloodhound\n02088466_4731.jpg"
"images/n02088466-bloodhound__n02088466_4749.jpg","bloodhound","n02088466","n02088466-bloodhound","C:\Users\sachi\Desktop\VLM_Benchmarking\Images\n02088466-bloodhound\n02088466_4749.jpg"
"images/n02088466-bloodhound__n02088466_4825.jpg","bloodhound","n02088466","n02088466-bloodhound","C:\Users\sachi\Desktop\VLM_Benchmarking\Images\n02088466-bloodhound\n02088466_4825.jpg"
"images/n02088466-bloodhound__n02088466_4907.jpg","bloodhound","n02088466","n02088466-bloodhound","C:\Users\sachi\Desktop\VLM_Benchmarking\Images\n02088466-bloodhound\n02088466_4907.jpg"
"images/n02088466-bloodhound__n02088466_5025.jpg","bloodhound","n02088466","n02088466-bloodhound","C:\Users\sachi\Desktop\VLM_Benchmarking\Images\n02088466-bloodhound\n02088466_5025.jpg"
"images/n02088466-bloodhound__n02088466_5131.jpg","bloodhound","n02088466","n02088466-bloodhound","C:\Users\sachi\Desktop\VLM_Benchmarking\Images\n02088466-bloodhound\n02088466_5131.jpg"
"images/n02088466-bloodhound__n02088466_5212.jpg","bloodhound","n02088466","n02088466-bloodhound","C:\Users\sachi\Desktop\VLM_Benchmarking\Images\n02088466-bloodhound\n02088466_5212.jpg"
"images/n02088466-bloodhound__n02088466_5432.jpg","bloodhound","n02088466","n02088466-bloodhound","C:\Users\sachi\Desktop\VLM_Benchmarking\Images\n02088466-bloodhound\n02088466_5432.jpg"
"images/n02088466-bloodhound__n02088466_5521.jpg","bloodhound","n02088466","n02088466-bloodhound","C:\Users\sachi\Desktop\VLM_Benchmarking\Images\n02088466-bloodhound\n02088466_5521.jpg"
"images/n02088466-bloodhound__n02088466_5784.jpg","bloodhound","n02088466","n02088466-bloodhound","C:\Users\sachi\Desktop\VLM_Benchmarking\Images\n02088466-bloodhound\n02088466_5784.jpg"
"images/n02088466-bloodhound__n02088466_5832.jpg","bloodhound","n02088466","n02088466-bloodhound","C:\Users\sachi\Desktop\VLM_Benchmarking\Images\n02088466-bloodhound\n02088466_5832.jpg"
"images/n02088466-bloodhound__n02088466_5898.jpg","bloodhound","n02088466","n02088466-bloodhound","C:\Users\sachi\Desktop\VLM_Benchmarking\Images\n02088466-bloodhound\n02088466_5898.jpg"
"images/n02088466-bloodhound__n02088466_6096.jpg","bloodhound","n02088466","n02088466-bloodhound","C:\Users\sachi\Desktop\VLM_Benchmarking\Images\n02088466-bloodhound\n02088466_6096.jpg"
"images/n02088466-bloodhound__n02088466_6126.jpg","bloodhound","n02088466","n02088466-bloodhound","C:\Users\sachi\Desktop\VLM_Benchmarking\Images\n02088466-bloodhound\n02088466_6126.jpg"
"images/n02088466-bloodhound__n02088466_6160.jpg","bloodhound","n02088466","n02088466-bloodhound","C:\Users\sachi\Desktop\VLM_Benchmarking\Images\n02088466-bloodhound\n02088466_6160.jpg"
"images/n02088466-bloodhound__n02088466_6231.jpg","bloodhound","n02088466","n02088466-bloodhound","C:\Users\sachi\Desktop\VLM_Benchmarking\Images\n02088466-bloodhound\n02088466_6231.jpg"
"images/n02088466-bloodhound__n02088466_6413.jpg","bloodhound","n02088466","n02088466-bloodhound","C:\Users\sachi\Desktop\VLM_Benchmarking\Images\n02088466-bloodhound\n02088466_6413.jpg"
"images/n02088466-bloodhound__n02088466_6532.jpg","bloodhound","n02088466","n02088466-bloodhound","C:\Users\sachi\Desktop\VLM_Benchmarking\Images\n02088466-bloodhound\n02088466_6532.jpg"
"images/n02088466-bloodhound__n02088466_654.jpg","bloodhound","n02088466","n02088466-bloodhound","C:\Users\sachi\Desktop\VLM_Benchmarking\Images\n02088466-bloodhound\n02088466_654.jpg"
"images/n02088466-bloodhound__n02088466_6623.jpg","bloodhound","n02088466","n02088466-bloodhound","C:\Users\sachi\Desktop\VLM_Benchmarking\Images\n02088466-bloodhound\n02088466_6623.jpg"
"images/n02088466-bloodhound__n02088466_6712.jpg","bloodhound","n02088466","n02088466-bloodhound","C:\Users\sachi\Desktop\VLM_Benchmarking\Images\n02088466-bloodhound\n02088466_6712.jpg"
"images/n02088466-bloodhound__n02088466_6775.jpg","bloodhound","n02088466","n02088466-bloodhound","C:\Users\sachi\Desktop\VLM_Benchmarking\Images\n02088466-bloodhound\n02088466_6775.jpg"
"images/n02088466-bloodhound__n02088466_6789.jpg","bloodhound","n02088466","n02088466-bloodhound","C:\Users\sachi\Desktop\VLM_Benchmarking\Images\n02088466-bloodhound\n02088466_6789.jpg"
"images/n02088466-bloodhound__n02088466_6834.jpg","bloodhound","n02088466","n02088466-bloodhound","C:\Users\sachi\Desktop\VLM_Benchmarking\Images\n02088466-bloodhound\n02088466_6834.jpg"
"images/n02088466-bloodhound__n02088466_6901.jpg","bloodhound","n02088466","n02088466-bloodhound","C:\Users\sachi\Desktop\VLM_Benchmarking\Images\n02088466-bloodhound\n02088466_6901.jpg"
"images/n02088466-bloodhound__n02088466_6963.jpg","bloodhound","n02088466","n02088466-bloodhound","C:\Users\sachi\Desktop\VLM_Benchmarking\Images\n02088466-bloodhound\n02088466_6963.jpg"
"images/n02088466-bloodhound__n02088466_6972.jpg","bloodhound","n02088466","n02088466-bloodhound","C:\Users\sachi\Desktop\VLM_Benchmarking\Images\n02088466-bloodhound\n02088466_6972.jpg"
"images/n02088466-bloodhound__n02088466_6974.jpg","bloodhound","n02088466","n02088466-bloodhound","C:\Users\sachi\Desktop\VLM_Benchmarking\Images\n02088466-bloodhound\n02088466_6974.jpg"
"images/n02088466-bloodhound__n02088466_6984.jpg","bloodhound","n02088466","n02088466-bloodhound","C:\Users\sachi\Desktop\VLM_Benchmarking\Images\n02088466-bloodhound\n02088466_6984.jpg"
"images/n02088466-bloodhound__n02088466_7002.jpg","bloodhound","n02088466","n02088466-bloodhound","C:\Users\sachi\Desktop\VLM_Benchmarking\Images\n02088466-bloodhound\n02088466_7002.jpg"
"images/n02088466-bloodhound__n02088466_7004.jpg","bloodhound","n02088466","n02088466-bloodhound","C:\Users\sachi\Desktop\VLM_Benchmarking\Images\n02088466-bloodhound\n02088466_7004.jpg"
"images/n02088466-bloodhound__n02088466_7007.jpg","bloodhound","n02088466","n02088466-bloodhound","C:\Users\sachi\Desktop\VLM_Benchmarking\Images\n02088466-bloodhound\n02088466_7007.jpg"
"images/n02088466-bloodhound__n02088466_7015.jpg","bloodhound","n02088466","n02088466-bloodhound","C:\Users\sachi\Desktop\VLM_Benchmarking\Images\n02088466-bloodhound\n02088466_7015.jpg"
"images/n02088466-bloodhound__n02088466_7032.jpg","bloodhound","n02088466","n02088466-bloodhound","C:\Users\sachi\Desktop\VLM_Benchmarking\Images\n02088466-bloodhound\n02088466_7032.jpg"
"images/n02088466-bloodhound__n02088466_7046.jpg","bloodhound","n02088466","n02088466-bloodhound","C:\Users\sachi\Desktop\VLM_Benchmarking\Images\n02088466-bloodhound\n02088466_7046.jpg"
"images/n02088466-bloodhound__n02088466_7048.jpg","bloodhound","n02088466","n02088466-bloodhound","C:\Users\sachi\Desktop\VLM_Benchmarking\Images\n02088466-bloodhound\n02088466_7048.jpg"
"images/n02088466-bloodhound__n02088466_7091.jpg","bloodhound","n02088466","n02088466-bloodhound","C:\Users\sachi\Desktop\VLM_Benchmarking\Images\n02088466-bloodhound\n02088466_7091.jpg"
"images/n02088466-bloodhound__n02088466_7121.jpg","bloodhound","n02088466","n02088466-bloodhound","C:\Users\sachi\Desktop\VLM_Benchmarking\Images\n02088466-bloodhound\n02088466_7121.jpg"
"images/n02088466-bloodhound__n02088466_7162.jpg","bloodhound","n02088466","n02088466-bloodhound","C:\Users\sachi\Desktop\VLM_Benchmarking\Images\n02088466-bloodhound\n02088466_7162.jpg"
"images/n02088466-bloodhound__n02088466_7167.jpg","bloodhound","n02088466","n02088466-bloodhound","C:\Users\sachi\Desktop\VLM_Benchmarking\Images\n02088466-bloodhound\n02088466_7167.jpg"
"images/n02088466-bloodhound__n02088466_7178.jpg","bloodhound","n02088466","n02088466-bloodhound","C:\Users\sachi\Desktop\VLM_Benchmarking\Images\n02088466-bloodhound\n02088466_7178.jpg"
"images/n02088466-bloodhound__n02088466_7191.jpg","bloodhound","n02088466","n02088466-bloodhound","C:\Users\sachi\Desktop\VLM_Benchmarking\Images\n02088466-bloodhound\n02088466_7191.jpg"
"images/n02088466-bloodhound__n02088466_7195.jpg","bloodhound","n02088466","n02088466-bloodhound","C:\Users\sachi\Desktop\VLM_Benchmarking\Images\n02088466-bloodhound\n02088466_7195.jpg"
"images/n02088466-bloodhound__n02088466_7229.jpg","bloodhound","n02088466","n02088466-bloodhound","C:\Users\sachi\Desktop\VLM_Benchmarking\Images\n02088466-bloodhound\n02088466_7229.jpg"
"images/n02088466-bloodhound__n02088466_7230.jpg","bloodhound","n02088466","n02088466-bloodhound","C:\Users\sachi\Desktop\VLM_Benchmarking\Images\n02088466-bloodhound\n02088466_7230.jpg"
"images/n02088466-bloodhound__n02088466_7234.jpg","bloodhound","n02088466","n02088466-bloodhound","C:\Users\sachi\Desktop\VLM_Benchmarking\Images\n02088466-bloodhound\n02088466_7234.jpg"
"images/n02088466-bloodhound__n02088466_7244.jpg","bloodhound","n02088466","n02088466-bloodhound","C:\Users\sachi\Desktop\VLM_Benchmarking\Images\n02088466-bloodhound\n02088466_7244.jpg"
"images/n02088466-bloodhound__n02088466_7269.jpg","bloodhound","n02088466","n02088466-bloodhound","C:\Users\sachi\Desktop\VLM_Benchmarking\Images\n02088466-bloodhound\n02088466_7269.jpg"
"images/n02088466-bloodhound__n02088466_7344.jpg","bloodhound","n02088466","n02088466-bloodhound","C:\Users\sachi\Desktop\VLM_Benchmarking\Images\n02088466-bloodhound\n02088466_7344.jpg"
"images/n02088466-bloodhound__n02088466_7409.jpg","bloodhound","n02088466","n02088466-bloodhound","C:\Users\sachi\Desktop\VLM_Benchmarking\Images\n02088466-bloodhound\n02088466_7409.jpg"
"images/n02088466-bloodhound__n02088466_7417.jpg","bloodhound","n02088466","n02088466-bloodhound","C:\Users\sachi\Desktop\VLM_Benchmarking\Images\n02088466-bloodhound\n02088466_7417.jpg"
"images/n02088466-bloodhound__n02088466_7421.jpg","bloodhound","n02088466","n02088466-bloodhound","C:\Users\sachi\Desktop\VLM_Benchmarking\Images\n02088466-bloodhound\n02088466_7421.jpg"
"images/n02088466-bloodhound__n02088466_7429.jpg","bloodhound","n02088466","n02088466-bloodhound","C:\Users\sachi\Desktop\VLM_Benchmarking\Images\n02088466-bloodhound\n02088466_7429.jpg"
"images/n02088466-bloodhound__n02088466_7434.jpg","bloodhound","n02088466","n02088466-bloodhound","C:\Users\sachi\Desktop\VLM_Benchmarking\Images\n02088466-bloodhound\n02088466_7434.jpg"
